Number,Area,Party,Kaiha,Name,Gender,Number Elected,,,Affiliation,
314,大阪19,N国,みんな,丸山 穂高,男性,2,退席,賛成,,
7,北海道10,公明,公明,稲津 久,男性,4,賛成,賛成,,
16,比)北海道,公明,公明,佐藤 英道,男性,3,賛成,賛成,,
49,比)東北,公明,公明,井上 義久,男性,8,賛成,賛成,,
96,比)北関東,公明,公明,石井 啓一,男性,9,賛成,賛成,,
97,比)北関東,公明,公明,岡本 三成,男性,3,賛成,賛成,,
127,東京12,公明,公明,太田 昭宏,男性,8,賛成,賛成,,
139,比)東京都,公明,公明,高木 美智代,女性,6,賛成,賛成,,
140,比)東京都,公明,公明,高木 陽介,男性,8,賛成,賛成,,
191,比)南関東,公明,公明,富田 茂之,男性,8,賛成,賛成,,
192,比)南関東,公明,公明,古屋 範子,女性,6,賛成,欠席,,
228,"比)北陸信越
新",公明,公明,太田 昌孝,男性,1,未選,未選,,
275,比)東海,公明,公明,大口 善徳,男性,8,賛成,賛成,,
276,比)東海,公明,公明,伊藤 渉,男性,4,賛成,賛成,,
307,大阪3,公明,公明,佐藤 茂樹,男性,8,賛成,賛成,,
308,大阪5,公明,公明,國重 徹,男性,3,賛成,賛成,,
309,大阪6,公明,公明,伊佐 進一,男性,3,賛成,賛成,,
310,大阪16,公明,公明,北側 一雄,男性,9,賛成,賛成,,
327,兵庫2,公明,公明,赤羽 一嘉,男性,8,賛成,賛成,,
328,兵庫8,公明,公明,中野 洋昌,男性,3,賛成,賛成,,
344,比)近畿,公明,公明,竹内 譲,男性,5,賛成,賛成,,
345,比)近畿,公明,公明,浮島 智子,女性,3,賛成,賛成,,
346,比)近畿,公明,公明,濱村 進,男性,3,賛成,賛成,,
347,"比)近畿
新",公明,公明,鰐淵 洋子,女性,1,未選,未選,,
388,比)中国,公明,公明,斉藤 鉄夫,男性,9,賛成,賛成,,
389,比)中国,公明,公明,桝屋 敬悟,男性,8,賛成,賛成,,
408,比)四国,公明,公明,石田 祝稔,男性,8,賛成,賛成,,
453,比)九州,公明,公明,江田 康幸,男性,7,賛成,賛成,,
454,比)九州,公明,公明,遠山 清彦,男性,4,賛成,賛成,,
455,比)九州,公明,公明,浜地 雅一,男性,3,賛成,賛成,,
55,比)東北,共産,共産,高橋 千鶴子,女性,6,退席,反対,,
107,比)北関東,共産,共産,塩川 鉄也,男性,7,退席,反対,,
144,比)東京都,共産,共産,笠井 亮,男性,5,退席,反対,,
145,比)東京都,共産,共産,宮本 徹,男性,2,退席,反対,,
201,比)南関東,共産,共産,畑野 君枝,女性,2,退席,反対,,
202,比)南関東,共産,共産,志位 和夫,男性,9,退席,反対,,
233,比)北陸信越,共産,共産,藤野 保史,男性,2,退席,反対,,
285,比)東海,共産,共産,本村 伸子,女性,2,退席,反対,,
358,比)近畿,共産,共産,穀田 恵二,男性,9,退席,反対,,
359,"比)近畿
繰",共産,共産,清水 忠史,男性,2,退席,反対,,
442,沖縄1,共産,共産,赤嶺 政賢,男性,7,退席,反対,,
462,比)九州,共産,共産,田村 貴昭,男性,2,退席,反対,,
20,"比)北海道
元",国民,立国社,山岡 達丸,男性,2,未選,未選,,
26,岩手3,国民,立国社,小沢 一郎,男性,17,欠席,欠席,,
50,比)東北,国民,立国社,小熊 慎司,男性,3,退席,反対,,
51,"比)東北
新",国民,立国社,緑川 貴士,男性,1,未選,未選,,
88,埼玉6,国民,立国社,大島 敦,男性,7,退席,反対,,
103,"比)北関東
新",国民,立国社,森田 俊和,男性,1,未選,未選,,
104,"比)北関東
新",国民,立国社,青山 大人,男性,1,未選,未選,,
105,"比)北関東
新",国民,立国社,浅野 哲,男性,1,未選,未選,,
106,比)北関東,国民,立国社,小宮山 泰子,女性,6,退席,反対,,
198,"比)南関東
元",国民,立国社,奥野 総一郎,男性,4,未選,未選,,
199,比)南関東,国民,立国社,後藤 祐一,男性,3,退席,反対,,
200,"比)南関東
繰",国民,立国社,谷田川 元,男性,2,未選,未選,,
222,長野1,国民,立国社,篠原 孝,男性,6,退席,反対,,
223,"長野2
元",国民,立国社,下条 みつ,男性,4,未選,未選,,
231,"比)北陸信越
元",国民,立国社,近藤 和也,男性,2,未選,未選,,
232,"比)北陸信越
元",国民,立国社,斉木 武志,男性,2,未選,未選,,
247,静岡6,国民,立国社,渡辺 周,男性,8,退席,反対,日本会議,
256,愛知2,国民,立国社,古川 元久,男性,8,退席,反対,,
257,愛知11,国民,立国社,古本 伸一郎,男性,5,退席,反対,,
258,愛知13,国民,立国社,大西 健介,男性,4,退席,反対,,
277,比)東海,国民,立国社,岡本 充功,男性,5,退席,反対,,
278,比)東海,国民,立国社,牧 義夫,男性,6,退席,反対,,
279,"比)東海
新",国民,立国社,関 健一郎,男性,1,未選,未選,,
280,"比)東海
新",国民,立国社,源馬 謙太郎,男性,1,未選,未選,,
281,"比)東海
新",国民,立国社,日吉 雄太,男性,1,未選,未選,,
296,京都2,国民,立国社,前原 誠司,男性,9,退席,反対,,
297,京都3,国民,立国社,泉 健太,男性,7,退席,反対,,
316,大阪11,国民,立国社,平野 博文,男性,7,退席,反対,,
334,和歌山1,国民,立国社,岸本 周平,男性,4,退席,反対,,
360,"比)近畿
繰",国民,立国社,馬淵 澄夫,男性,6,退席,反対,,
391,比)中国,国民,立国社,津村 啓介,男性,6,退席,反対,,
398,香川2,国民,立国社,玉木 雄一郎,男性,3,退席,反対,,
402,"愛媛3
元",国民,立国社,白石 洋一,男性,2,未選,未選,,
422,佐賀1,国民,立国社,原口 一博,男性,8,退席,反対,退会,
427,長崎1,国民,立国社,西岡 秀子,女性,1,未選,未選,,
444,"沖縄3
新",国民,立国社,屋良 朝博,男性,1,未選,未選,,
459,比)九州,国民,立国社,吉良 州司,男性,5,退席,反対,,
460,"比)九州
元",国民,立国社,稲富 修二,男性,2,未選,未選,,
461,"比)九州
元",国民,立国社,城井 崇,男性,3,未選,未選,,
361,"比)近畿
新",希望,希望,井上 一徳,男性,1,未選,未選,,
464,"比)九州
元",希望,希望,中山 成彬,男性,8,未選,未選,日本会議,
204,"比)南関東
新",日維,日維,串田 誠一,男性,1,未選,未選,,
284,"比)東海
元",日維,日維,杉本 和巳,男性,3,未選,未選,,
311,"大阪12
新",日維,日維,藤田 文武,男性,1,未選,未選,,
312,大阪17,日維,日維,馬場 伸幸,男性,3,退席,賛成,日本会議,
313,大阪18,日維,日維,遠藤 敬,男性,3,退席,賛成,日本会議,
348,"比)近畿
新",日維,日維,森 夏枝,女性,1,未選,未選,,
349,比)近畿,日維,日維,井上 英孝,男性,3,退席,賛成,日本会議,
350,比)近畿,日維,日維,足立 康史,男性,3,退席,賛成,,
351,比)近畿,日維,日維,浦野 靖人,男性,3,退席,賛成,日本会議,
352,"比)近畿
繰",日維,日維,美延 映夫,男性,1,未選,未選,,
24,岩手1,無,立国社,階 猛,男性,5,退席,反対,,
42,福島1,無,立国社,金子 恵美,女性,2,退席,反対,,
43,福島3,無,立国社,玄葉 光一郎,男性,8,退席,反対,,
56,比)東北,無,立国社,寺田 学,男性,4,退席,反対,,
63,茨城7,無,立国社,中村 喜四郎,男性,14,退席,反対,,
68,栃木2,無,立国社,福田 昭夫,男性,5,退席,反対,,
132,東京15,無,無,秋元 司,男性,3,賛成,賛成,日本会議,神道政治
146,"比)東京都
新",無,立国社,伊藤 俊輔,男性,1,未選,未選,,
147,"比)東京都
元",無,立国社,松原 仁,男性,7,未選,未選,日本会議,
148,比)東京都,無,立国社,柿沢 未途,男性,4,退席,反対,日本会議,
149,比)東京都,無,無,初鹿 明博,男性,2,退席,反対,,
162,千葉4,無,立国社,野田 佳彦,男性,8,退席,反対,,
179,神奈川8,無,立国社,江田 憲司,男性,6,退席,反対,,
180,神奈川9,無,立国社,笠 浩史,男性,6,退席,反対,日本会議,
181,山梨1,無,立国社,中島 克仁,男性,3,退席,反対,,
203,比)南関東,無,立国社,田嶋 要,男性,6,退席,反対,,
210,新潟4,無,立国社,菊田 真紀子,女性,5,退席,反対,,
234,比)北陸信越,無,自民,石崎 徹,男性,3,賛成,賛成,,神道政治
246,静岡5,無,自民,細野 豪志,男性,7,退席,反対,,
261,愛知7,無,立国社,山尾 志桜里,女性,3,退席,反対,,
262,愛知12,無,立国社,重徳 和彦,男性,2,退席,反対,,
266,三重3,無,立国社,岡田 克也,男性,9,退席,反対,,
286,比)東海,無,立国社,今井 雅人,男性,4,退席,反対,,
287,"比)東海
新",無,日維,青山 雅幸,男性,1,未選,未選,,
362,比)近畿,無,立国社,山井 和則,男性,7,退席,反対,,
377,広島3,無,無,河井 克行,男性,7,賛成,賛成,,神道政治
378,"広島6
元",無,立国社,佐藤 公治,男性,3,未選,未選,,
392,比)中国,無,立国社,柚木 道義,男性,5,退席,反対,,
393,比)中国,無,無,高井 崇志,男性,3,退席,反対,,
404,"高知2
新",無,立国社,広田 一,男性,1,未選,未選,,
410,比)四国,無,立国社,小川 淳也,男性,5,退席,反対,,
465,比)九州,無,無,下地 幹郎,男性,6,退席,賛成,日本会議,
443,沖縄2,社民,立国社,照屋 寛徳,男性,6,退席,欠席,,
463,比)九州,社民,立国社,吉川 元,男性,3,退席,欠席,,
8,"北海道1
新",立憲,立国社,道下 大樹,男性,1,未選,未選,,
9,北海道3,立憲,立国社,荒井 聰,男性,8,未選,未選,,
10,北海道6,立憲,立国社,佐々木 隆博,男性,4,退席,反対,,
11,北海道8,立憲,立国社,逢坂 誠二,男性,4,退席,反対,,
12,"北海道11
新",立憲,立国社,石川 香織,女性,1,未選,未選,,
17,"比)北海道
元",立憲,立国社,本多 平直,男性,3,未選,未選,,
18,"比)北海道
新",立憲,立国社,池田 真紀,男性,1,未選,未選,,
19,"比)北海道
新",立憲,立国社,神谷 裕,男性,1,未選,未選,,
32,宮城5,立憲,立国社,安住 淳,男性,8,退席,反対,,
52,"比)東北
新",立憲,立国社,岡本 章子,女性,1,未選,未選,,
53,"比)東北
元",立憲,立国社,山崎 誠,男性,2,未選,未選,,
54,"比)東北
元",立憲,立国社,阿久津 幸彦,男性,4,未選,未選,,
87,埼玉5,立憲,立国社,枝野 幸男,男性,9,退席,反対,,
98,"比)北関東
新",立憲,立国社,長谷川 嘉一,男性,1,未選,未選,,
99,"比)北関東
新",立憲,立国社,山川 百合子,女性,1,未選,未選,,
100,"比)北関東
新",立憲,立国社,堀越 啓仁,男性,1,未選,未選,,
101,"比)北関東
新",立憲,立国社,大河原 雅子,女性,1,未選,未選,,
102,"比)北関東
新",立憲,立国社,高木 錬太郎,男性,1,未選,未選,,
128,"東京1
元",立憲,立国社,海江田 万里,男性,7,未選,未選,,
129,東京6,立憲,立国社,落合 貴之,男性,3,退席,反対,,
130,東京7,立憲,立国社,長妻 昭,男性,7,退席,反対,,
131,東京18,立憲,立国社,菅 直人,男性,13,退席,反対,,
141,比)東京都,立憲,立国社,手塚 仁雄,男性,7,退席,反対,日本会議,
142,"比)東京都
元",立憲,立国社,末松 義規,男性,6,未選,未選,日本会議,
143,"比)東京都
元",立憲,立国社,山花 郁夫,男性,4,未選,未選,,
176,"神奈川4
新",立憲,立国社,早稲田 夕季,女性,1,未選,未選,,
177,神奈川6,立憲,立国社,青柳 陽一郎,男性,3,退席,反対,日本会議,
178,神奈川12,立憲,立国社,阿部 知子,女性,7,退席,反対,,
193,"比)南関東
元",立憲,立国社,生方 幸夫,男性,6,未選,未選,,
194,"比)南関東
新",立憲,立国社,中谷 一馬,男性,1,未選,未選,,
195,比)南関東,立憲,立国社,篠原 豪,男性,2,退席,反対,,
196,"比)南関東
新",立憲,立国社,宮川 伸,男性,1,未選,未選,,
197,"比)南関東
元",立憲,立国社,岡島 一正,男性,3,未選,未選,,
208,新潟1,立憲,立国社,西村 智奈美,女性,5,退席,反対,,
209,新潟3,立憲,立国社,黒岩 宇洋,男性,3,退席,反対,,
229,"比)北陸信越
新",立憲,立国社,松平 浩一,男性,1,未選,未選,,
230,"比)北陸信越
新",立憲,立国社,山本 和嘉子,女性,1,未選,未選,,
259,愛知3,立憲,立国社,近藤 昭一,男性,8,退席,反対,,
260,愛知5,立憲,副議長,赤松 広隆,男性,10,退席,反対,,
265,三重2,立憲,立国社,中川 正春,男性,8,退席,反対,,
282,"比)東海
新",立憲,立国社,吉田 統彦,男性,1,未選,未選,,
283,"比)東海
新",立憲,立国社,松田 功,男性,1,未選,未選,,
315,大阪10,立憲,立国社,辻元 清美,女性,7,退席,反対,,
353,"比)近畿
元",立憲,立国社,森山 浩行,男性,2,未選,未選,,
354,"比)近畿
新",立憲,立国社,櫻井 周,男性,1,未選,未選,,
355,"比)近畿
元",立憲,立国社,村上 史好,男性,3,未選,未選,,
356,"比)近畿
新",立憲,立国社,尾辻 かな子,女性,1,未選,未選,,
357,"比)近畿
新",立憲,立国社,長尾 秀樹,男性,1,未選,未選,,
390,"比)中国
新",立憲,立国社,亀井 亜紀子,女性,1,未選,未選,,
409,"比)四国
新",立憲,立国社,武内 則男,男性,1,未選,未選,,
423,佐賀2,立憲,立国社,大串 博志,男性,5,退席,反対,,
441,"鹿児島1
元",立憲,立国社,川内 博史,男性,6,未選,未選,,
456,"比)九州
元",立憲,立国社,横光 克彦,男性,7,未選,未選,,
457,"比)九州
元",立憲,立国社,山内 康一,男性,6,未選,未選,,
458,"比)九州
元",立憲,立国社,矢上 雅義,男性,3,未選,未選,,
1,北海道2,自民,自民,吉川 貴盛,男性,6,賛成,賛成,日本会議,神道政治
2,北海道4,自民,自民,中村 裕之,男性,3,賛成,賛成,日本会議,神道政治
3,北海道5,自民,自民,和田 義明,男性,2,未選,賛成,,神道政治
4,北海道7,自民,自民,伊東 良孝,男性,4,賛成,賛成,日本会議,神道政治
5,北海道9,自民,自民,堀井 学,男性,3,賛成,賛成,日本会議,神道政治
6,北海道12,自民,自民,武部 新,男性,3,賛成,賛成,日本会議,神道政治
13,比)北海道,自民,自民,渡辺 孝一,男性,3,賛成,賛成,,
14,比)北海道,自民,自民,鈴木 貴子,女性,3,退席,賛成,,
15,"比)北海道
元",自民,自民,船橋 利実,男性,2,未選,未選,,
21,青森1,自民,自民,津島 淳,男性,3,賛成,賛成,日本会議,神道政治
22,青森2,自民,議長,大島 理森,男性,12,議長,議長,日本会議,神道政治
23,"青森3
新",自民,自民,木村 次郎,男性,1,未選,未選,,
25,岩手2,自民,自民,鈴木 俊一,男性,9,賛成,賛成,日本会議,神道政治
27,宮城1,自民,自民,土井 亨,男性,4,賛成,賛成,日本会議,神道政治
28,宮城2,自民,自民,秋葉 賢也,男性,6,賛成,賛成,日本会議,神道政治
29,宮城3,自民,自民,西村 明宏,男性,5,賛成,賛成,日本会議,神道政治
30,宮城4,自民,自民,伊藤 信太郎,男性,6,賛成,賛成,,神道政治
31,宮城6,自民,自民,小野寺 五典,男性,6,賛成,賛成,日本会議,神道政治
33,秋田1,自民,自民,冨樫 博之,男性,3,賛成,賛成,日本会議,神道政治
34,秋田2,自民,自民,金田 勝年,男性,4,賛成,賛成,日本会議,神道政治
35,秋田3,自民,自民,御法川 信英,男性,5,賛成,賛成,日本会議,神道政治
36,山形1,自民,自民,遠藤 利明,男性,8,賛成,賛成,,神道政治
37,山形2,自民,自民,鈴木 憲和,男性,3,賛成,賛成,,
38,山形3,自民,自民,加藤 鮎子,女性,2,賛成,賛成,,神道政治
39,福島2,自民,自民,根本 匠,男性,8,賛成,賛成,日本会議,
40,福島4,自民,自民,菅家 一郎,男性,3,賛成,賛成,,神道政治
41,福島5,自民,自民,吉野 正芳,男性,7,賛成,賛成,,神道政治
44,比)東北,自民,自民,江渡 聡徳,男性,6,賛成,賛成,日本会議,神道政治
45,比)東北,自民,自民,亀岡 偉民,男性,3,賛成,賛成,日本会議,神道政治
46,"比)東北
新",自民,自民,上杉 謙太郎,男性,1,賛成,賛成,,
47,比)東北,自民,自民,高橋 比奈子,女性,3,賛成,賛成,,神道政治
48,比)東北,自民,自民,藤原 崇,男性,3,賛成,賛成,,神道政治
57,茨城1,自民,自民,田所 嘉徳,男性,3,賛成,賛成,日本会議,神道政治
58,茨城2,自民,自民,額賀 福志郎,男性,12,賛成,賛成,日本会議,神道政治
59,茨城3,自民,自民,葉梨 康弘,男性,5,賛成,賛成,日本会議,神道政治
60,茨城4,自民,自民,梶山 弘志,男性,7,賛成,賛成,日本会議,神道政治
61,茨城5,自民,自民,石川 昭政,男性,3,賛成,賛成,,
62,"茨城6
新",自民,自民,国光 文乃,女性,1,未選,未選,,
64,栃木1,自民,自民,船田 元,男性,12,賛成,賛成,,神道政治
65,栃木3,自民,自民,簗 和生,男性,3,賛成,賛成,日本会議,神道政治
66,栃木4,自民,自民,佐藤 勉,男性,8,賛成,賛成,,神道政治
67,栃木5,自民,自民,茂木 敏充,男性,9,賛成,賛成,日本会議,神道政治
69,群馬1,自民,自民,尾身 朝子,女性,2,賛成,賛成,日本会議,
70,群馬2,自民,自民,井野 俊郎,男性,3,賛成,欠席,,
71,群馬3,自民,自民,笹川 博義,男性,3,賛成,賛成,日本会議,
72,群馬4,自民,自民,福田 達夫,男性,3,賛成,賛成,,
73,群馬5,自民,自民,小渕 優子,女性,7,賛成,賛成,,神道政治
74,埼玉1,自民,自民,村井 英樹,男性,3,賛成,賛成,,神道政治
75,埼玉2,自民,自民,新藤 義孝,男性,7,賛成,賛成,日本会議,神道政治
76,埼玉3,自民,自民,黄川田 仁志,男性,3,賛成,賛成,日本会議,
77,"埼玉4
新",自民,自民,穂坂 泰,男性,1,賛成,賛成,,
78,埼玉7,自民,自民,神山 佐市,男性,4,賛成,賛成,日本会議,神道政治
79,埼玉8,自民,自民,柴山 昌彦,男性,6,賛成,賛成,日本会議,神道政治
80,埼玉9,自民,自民,大塚 拓,男性,4,賛成,欠席,日本会議,神道政治
81,埼玉10,自民,自民,山口 泰明,男性,7,賛成,賛成,日本会議,神道政治
82,埼玉11,自民,自民,小泉 龍司,男性,6,賛成,賛成,,
83,埼玉12,自民,自民,野中 厚,男性,3,賛成,賛成,日本会議,神道政治
84,埼玉13,自民,自民,土屋 品子,女性,7,賛成,賛成,,
85,埼玉14,自民,自民,三ッ林 裕巳,男性,3,賛成,賛成,日本会議,神道政治
86,埼玉15,自民,自民,田中 良生,男性,4,賛成,賛成,日本会議,神道政治
89,比)北関東,自民,自民,中根 一幸,男性,4,賛成,賛成,,神道政治
90,比)北関東,自民,自民,永岡 桂子,女性,5,賛成,賛成,日本会議,神道政治
91,比)北関東,自民,自民,牧原 秀樹,男性,4,賛成,賛成,日本会議,神道政治
92,"比)北関東
新",自民,自民,中曽根 康隆,男性,1,未選,未選,,
93,"比)北関東
新",自民,自民,佐藤 明男,男性,1,未選,未選,,
94,"比)北関東
新",自民,自民,百武 公親,男性,1,未選,未選,,
95,"比)北関東
新",自民,自民,神田 裕,男性,1,未選,未選,,
108,東京2,自民,自民,辻 清人,男性,3,賛成,賛成,,
109,東京3,自民,自民,石原 宏高,男性,4,賛成,賛成,日本会議,
110,東京4,自民,自民,平 将明,男性,5,賛成,賛成,,
111,東京5,自民,自民,若宮 健嗣,男性,4,賛成,賛成,,
112,東京8,自民,自民,石原 伸晃,男性,10,賛成,賛成,,神道政治
113,東京9,自民,自民,菅原 一秀,男性,6,賛成,賛成,日本会議,
114,東京10,自民,自民,鈴木 隼人,男性,2,賛成,賛成,,
115,東京11,自民,自民,下村 博文,男性,8,賛成,賛成,日本会議,神道政治
116,東京13,自民,自民,鴨下 一郎,男性,9,賛成,賛成,日本会議,
117,東京14,自民,自民,松島 みどり,女性,6,賛成,賛成,,
118,東京16,自民,自民,大西 英男,男性,3,賛成,賛成,日本会議,神道政治
119,東京17,自民,自民,平沢 勝栄,男性,8,賛成,賛成,日本会議,神道政治
120,東京19,自民,自民,松本 洋平,男性,5,賛成,賛成,日本会議,神道政治
121,東京20,自民,自民,木原 誠二,男性,3,賛成,賛成,日本会議,
122,東京21,自民,自民,長島 昭久,男性,6,退席,賛成,退会,
123,東京22,自民,自民,伊藤 達也,男性,8,賛成,賛成,,神道政治
124,東京23,自民,自民,小倉 將信,男性,3,賛成,賛成,日本会議,
125,東京24,自民,自民,萩生田 光一,男性,5,賛成,賛成,日本会議,神道政治
126,東京25,自民,自民,井上 信治,男性,6,賛成,賛成,日本会議,神道政治
133,比)東京都,自民,自民,山田 美樹,女性,3,賛成,賛成,,神道政治
134,比)東京都,自民,自民,越智 隆雄,男性,4,賛成,賛成,日本会議,
135,比)東京都,自民,自民,松本 文明,男性,4,賛成,賛成,日本会議,
136,比)東京都,自民,自民,小田原 潔,男性,3,賛成,賛成,日本会議,
137,"比)東京都
新",自民,自民,安藤 高夫,男性,1,未選,未選,,
138,"比)東京都
新",自民,自民,高木 啓,男性,1,未選,未選,,
150,千葉1,自民,自民,門山 宏哲,男性,3,賛成,賛成,日本会議,神道政治
151,千葉2,自民,自民,小林 鷹之,男性,3,賛成,賛成,日本会議,神道政治
152,千葉3,自民,自民,松野 博一,男性,7,賛成,賛成,日本会議,神道政治
153,千葉5,自民,自民,薗浦 健太郎,男性,4,賛成,欠席,日本会議,神道政治
154,千葉6,自民,自民,渡辺 博道,男性,7,賛成,賛成,日本会議,神道政治
155,千葉7,自民,自民,齋藤 健,男性,4,賛成,賛成,日本会議,神道政治
156,千葉8,自民,自民,櫻田 義孝,男性,7,賛成,賛成,日本会議,神道政治
157,千葉9,自民,自民,秋本 真利,男性,3,賛成,賛成,,神道政治
158,千葉10,自民,自民,林 幹雄,男性,9,賛成,賛成,日本会議,神道政治
159,千葉11,自民,自民,森 英介,男性,10,賛成,賛成,日本会議,神道政治
160,千葉12,自民,自民,浜田 靖一,男性,9,賛成,賛成,日本会議,神道政治
161,千葉13,自民,自民,白須賀 貴樹,男性,3,賛成,賛成,,神道政治
163,神奈川1,自民,自民,松本 純,男性,7,賛成,賛成,,神道政治
164,神奈川2,自民,自民,菅 義偉,男性,8,賛成,賛成,日本会議,神道政治
165,神奈川3,自民,自民,小此木 八郎,男性,8,賛成,賛成,日本会議,
166,神奈川5,自民,自民,坂井 学,男性,4,賛成,賛成,,
167,神奈川7,自民,自民,鈴木 馨祐,男性,4,賛成,賛成,,
168,神奈川10,自民,自民,田中 和徳,男性,8,賛成,賛成,,神道政治
169,神奈川11,自民,自民,小泉 進次郎,男性,4,賛成,賛成,,
170,神奈川13,自民,自民,甘利 明,男性,12,賛成,賛成,日本会議,神道政治
171,神奈川14,自民,自民,赤間 二郎,男性,4,賛成,賛成,日本会議,
172,神奈川15,自民,自民,河野 太郎,男性,8,賛成,賛成,,神道政治
173,神奈川16,自民,自民,義家 弘介,男性,3,賛成,賛成,日本会議,神道政治
174,神奈川17,自民,自民,牧島 かれん,女性,3,賛成,賛成,,神道政治
175,神奈川18,自民,自民,山際 大志郎,男性,5,賛成,賛成,日本会議,神道政治
182,山梨2,自民,自民,堀内 詔子,女性,3,賛成,賛成,日本会議,神道政治
183,"比)南関東
繰",自民,自民,出畑 実,男性,1,未選,未選,,
184,比)南関東,自民,自民,中谷 真一,男性,3,賛成,賛成,日本会議,神道政治
185,比)南関東,自民,自民,中山 展宏,男性,3,賛成,賛成,,
186,比)南関東,自民,自民,星野 剛士,男性,3,賛成,賛成,日本会議,神道政治
187,比)南関東,自民,自民,山本 朋広,男性,4,賛成,賛成,日本会議,
188,"比)南関東
元",自民,自民,三谷 英弘,男性,2,未選,未選,,
189,比)南関東,自民,自民,上野 宏史,男性,2,未選,未選,日本会議,
190,"比)南関東
元",自民,自民,木村 哲也,男性,1,未選,未選,,
205,新潟2,自民,自民,鷲尾 英一郎,男性,5,退席,反対,日本会議,
206,"新潟5
新",自民,自民,泉田 裕彦,男性,1,賛成,賛成,,
207,新潟6,自民,自民,高鳥 修一,男性,3,賛成,賛成,日本会議,神道政治
211,富山1,自民,自民,田畑 裕明,男性,3,賛成,賛成,日本会議,神道政治
212,富山2,自民,自民,宮腰 光寛,男性,8,賛成,賛成,日本会議,神道政治
213,富山3,自民,自民,橘 慶一郎,男性,4,賛成,賛成,,神道政治
214,石川1,自民,自民,馳 浩,男性,7,賛成,賛成,,
215,石川2,自民,自民,佐々木 紀,男性,3,賛成,賛成,日本会議,神道政治
216,"石川3
新",自民,自民,西田 昭二,男性,1,未選,未選,日本会議,神道政治
217,福井1,自民,自民,稲田 朋美,女性,5,賛成,賛成,日本会議,神道政治
218,福井2,自民,自民,高木 毅,男性,7,賛成,賛成,,神道政治
219,長野3,自民,自民,井出 庸生,男性,3,退席,反対,,
220,長野4,自民,自民,後藤 茂之,男性,6,賛成,賛成,日本会議,神道政治
221,長野5,自民,自民,宮下 一郎,男性,5,賛成,賛成,日本会議,神道政治
224,比)北陸信越,自民,自民,山本 拓,男性,8,賛成,賛成,日本会議,神道政治
225,比)北陸信越,自民,自民,斎藤 洋明,男性,2,賛成,賛成,日本会議,神道政治
226,比)北陸信越,自民,自民,務台 俊介,男性,3,賛成,賛成,,
227,比)北陸信越,自民,自民,細田 健一,男性,2,賛成,賛成,日本会議,神道政治
235,岐阜1,自民,自民,野田 聖子,女性,9,賛成,賛成,日本会議,神道政治
236,岐阜2,自民,自民,棚橋 泰文,男性,8,賛成,賛成,日本会議,神道政治
237,岐阜3,自民,自民,武藤 容治,男性,4,賛成,賛成,日本会議,神道政治
238,"岐阜4
新",自民,自民,金子 俊平,男性,1,賛成,賛成,,神道政治
239,岐阜5,自民,自民,古屋 圭司,男性,10,賛成,賛成,日本会議,神道政治
240,静岡1,自民,自民,上川 陽子,女性,6,賛成,賛成,,神道政治
241,静岡2,自民,自民,井林 辰憲,男性,3,賛成,賛成,日本会議,神道政治
242,静岡3,自民,自民,宮澤 博行,男性,3,賛成,賛成,日本会議,神道政治
243,"静岡4
新",自民,自民,深澤 陽一,男性,1,未選,未選,,
244,静岡7,自民,自民,城内 実,男性,5,賛成,賛成,日本会議,神道政治
245,静岡8,自民,自民,塩谷 立,男性,9,賛成,賛成,日本会議,神道政治
248,愛知1,自民,自民,熊田 裕通,男性,3,賛成,賛成,日本会議,
249,愛知4,自民,自民,工藤 彰三,男性,3,賛成,賛成,日本会議,神道政治
250,愛知6,自民,自民,丹羽 秀樹,男性,5,賛成,賛成,日本会議,
251,愛知8,自民,自民,伊藤 忠彦,男性,4,賛成,賛成,,神道政治
252,愛知9,自民,自民,長坂 康正,男性,3,賛成,賛成,日本会議,神道政治
253,愛知10,自民,自民,江崎 鐵磨,男性,7,賛成,賛成,,
254,愛知14,自民,自民,今枝 宗一郎,男性,3,賛成,賛成,日本会議,
255,愛知15,自民,自民,根本 幸典,男性,3,賛成,賛成,日本会議,神道政治
263,三重1,自民,自民,田村 憲久,男性,8,賛成,賛成,日本会議,神道政治
264,三重4,自民,自民,三ッ矢 憲生,男性,5,賛成,賛成,,神道政治
267,比)東海,自民,自民,勝俣 孝明,男性,3,賛成,賛成,日本会議,神道政治
268,比)東海,自民,自民,鈴木 淳司,男性,5,賛成,賛成,日本会議,
269,比)東海,自民,自民,川崎 二郎,男性,12,賛成,賛成,,神道政治
270,比)東海,自民,自民,神田 憲次,男性,3,賛成,賛成,日本会議,神道政治
271,比)東海,自民,自民,池田 佳隆,男性,3,賛成,賛成,日本会議,神道政治
272,比)東海,自民,自民,八木 哲也,男性,3,賛成,賛成,,
273,"比)東海
繰",自民,自民,青山 周平,男性,4,賛成,賛成,日本会議,神道政治
274,"比)東海
繰",自民,自民,吉川 赳,男性,2,未選,未選,,
288,滋賀1,自民,自民,大岡 敏孝,男性,3,賛成,賛成,日本会議,神道政治
289,滋賀2,自民,自民,上野 賢一郎,男性,4,賛成,賛成,日本会議,神道政治
290,滋賀3,自民,自民,武村 展英,男性,3,賛成,賛成,日本会議,神道政治
291,"滋賀4
新",自民,自民,小寺 裕雄,男性,1,未選,未選,,
292,京都1,自民,自民,伊吹 文明,男性,12,賛成,賛成,日本会議,神道政治
293,京都4,自民,自民,田中 英之,男性,3,賛成,賛成,日本会議,神道政治
294,"京都5
新",自民,自民,本田 太郎,男性,1,未選,未選,,
295,京都6,自民,自民,安藤 裕,男性,3,賛成,賛成,日本会議,神道政治
298,大阪1,自民,自民,大西 宏幸,男性,2,賛成,賛成,日本会議,神道政治
299,大阪2,自民,自民,左藤 章,男性,5,賛成,賛成,日本会議,神道政治
300,大阪4,自民,自民,中山 泰秀,男性,5,賛成,賛成,日本会議,神道政治
301,大阪7,自民,自民,渡嘉敷 奈緒美,女性,4,賛成,賛成,日本会議,神道政治
302,大阪8,自民,自民,大塚 高司,男性,4,賛成,賛成,日本会議,神道政治
303,大阪9,自民,自民,原田 憲治,男性,4,賛成,賛成,,神道政治
304,大阪13,自民,自民,宗清 皇一,男性,2,賛成,賛成,,
305,大阪14,自民,自民,長尾 敬,男性,3,賛成,賛成,日本会議,神道政治
306,大阪15,自民,自民,竹本 直一,男性,8,賛成,賛成,日本会議,神道政治
317,兵庫1,自民,自民,盛山 正仁,男性,4,賛成,欠席,,
318,兵庫3,自民,自民,関 芳弘,男性,4,賛成,賛成,日本会議,神道政治
319,兵庫4,自民,自民,藤井 比早之,男性,3,賛成,賛成,日本会議,神道政治
320,兵庫5,自民,自民,谷 公一,男性,6,賛成,賛成,,神道政治
321,兵庫6,自民,自民,大串 正樹,男性,3,賛成,賛成,,神道政治
322,兵庫7,自民,自民,山田 賢司,男性,3,賛成,賛成,日本会議,神道政治
323,兵庫9,自民,自民,西村 康稔,男性,6,賛成,欠席,日本会議,神道政治
324,兵庫10,自民,自民,渡海 紀三朗,男性,9,賛成,賛成,,
325,兵庫11,自民,自民,松本 剛明,男性,7,欠席,賛成,,
326,兵庫12,自民,自民,山口 壯,男性,6,賛成,賛成,,
329,"奈良1
元",自民,自民,小林 茂樹,男性,2,未選,未選,,
330,奈良2,自民,自民,高市 早苗,女性,7,賛成,賛成,日本会議,神道政治
331,奈良3,自民,自民,田野瀬 太道,男性,3,賛成,賛成,,神道政治
332,和歌山2,自民,自民,石田 真敏,男性,7,賛成,賛成,,神道政治
333,和歌山3,自民,自民,二階 俊博,男性,12,賛成,賛成,,
335,比)近畿,自民,自民,奥野 信亮,男性,4,賛成,賛成,日本会議,神道政治
336,比)近畿,自民,自民,神谷 昇,男性,2,賛成,賛成,日本会議,神道政治
337,比)近畿,自民,自民,佐藤 ゆかり,女性,3,賛成,賛成,日本会議,神道政治
338,比)近畿,自民,自民,木村 弥生,女性,2,賛成,賛成,,神道政治
339,比)近畿,自民,自民,岡下 昌平,男性,2,賛成,賛成,日本会議,神道政治
340,比)近畿,自民,自民,谷川 とむ,男性,2,賛成,賛成,日本会議,
341,比)近畿,自民,自民,門 博文,男性,2,賛成,賛成,,神道政治
342,比)近畿,自民,自民,大隈 和英,男性,2,賛成,賛成,日本会議,
343,"比)近畿
新",自民,自民,繁本 護,男性,1,未選,未選,,
363,鳥取1,自民,自民,石破 茂,男性,11,賛成,賛成,日本会議,神道政治
364,鳥取2,自民,自民,赤澤 亮正,男性,5,賛成,賛成,,
365,島根1,自民,自民,細田 博之,男性,10,賛成,賛成,,神道政治
366,島根2,自民,自民,竹下 亘,男性,7,賛成,賛成,日本会議,神道政治
367,岡山1,自民,自民,逢沢 一郎,男性,10,賛成,賛成,日本会議,神道政治
368,岡山2,自民,自民,山下 貴司,男性,3,賛成,賛成,日本会議,神道政治
369,岡山3,自民,自民,あべ 俊子,女性,5,賛成,賛成,,神道政治
370,岡山4,自民,自民,橋本 岳,男性,4,賛成,賛成,日本会議,神道政治
371,岡山5,自民,自民,加藤 勝信,男性,6,賛成,賛成,日本会議,神道政治
372,広島1,自民,自民,岸田 文雄,男性,9,賛成,賛成,日本会議,神道政治
373,広島2,自民,自民,平口 洋,男性,4,賛成,賛成,日本会議,神道政治
374,広島4,自民,自民,新谷 正義,男性,3,賛成,賛成,日本会議,神道政治
375,広島5,自民,自民,寺田 稔,男性,5,賛成,賛成,日本会議,神道政治
376,広島7,自民,自民,小林 史明,男性,3,賛成,賛成,日本会議,神道政治
379,"山口1
新",自民,自民,高村 正大,男性,1,未選,未選,,神道政治
380,山口2,自民,自民,岸 信夫,男性,3,賛成,賛成,日本会議,神道政治
381,山口3,自民,自民,河村 建夫,男性,10,賛成,賛成,日本会議,神道政治
382,山口4,自民,自民,安倍 晋三,男性,9,賛成,賛成,日本会議,神道政治
383,比)中国,自民,自民,小島 敏文,男性,3,賛成,賛成,日本会議,神道政治
384,"比)中国
元",自民,自民,杉田 水脈,女性,2,未選,未選,日本会議,神道政治
385,比)中国,自民,自民,池田 道孝,男性,3,賛成,賛成,日本会議,
386,比)中国,自民,自民,古田 圭一,男性,2,賛成,賛成,,神道政治
387,"比)中国
繰",自民,自民,畦元 将吾,男性,1,未選,未選,,
394,徳島1,自民,自民,後藤田 正純,男性,7,賛成,賛成,,神道政治
395,徳島2,自民,自民,山口 俊一,男性,11,賛成,賛成,日本会議,神道政治
396,香川1,自民,自民,平井 卓也,男性,7,賛成,賛成,,神道政治
397,香川3,自民,自民,大野 敬太郎,男性,3,賛成,賛成,日本会議,神道政治
399,愛媛1,自民,自民,塩崎 恭久,男性,8,賛成,欠席,日本会議,神道政治
400,愛媛2,自民,自民,村上 誠一郎,男性,11,欠席,賛成,日本会議,
401,愛媛4,自民,自民,山本 公一,男性,9,賛成,賛成,日本会議,神道政治
403,高知1,自民,自民,中谷 元,男性,10,大臣,賛成,日本会議,神道政治
405,比)四国,自民,自民,福井 照,男性,7,賛成,賛成,日本会議,神道政治
406,比)四国,自民,自民,福山 守,男性,3,賛成,賛成,日本会議,神道政治
407,"比)四国
元",自民,自民,山本 有二,男性,10,賛成,賛成,日本会議,神道政治
411,福岡1,自民,自民,井上 貴博,男性,3,賛成,賛成,日本会議,神道政治
412,福岡2,自民,自民,鬼木 誠,男性,3,賛成,賛成,日本会議,神道政治
413,福岡3,自民,自民,古賀 篤,男性,3,賛成,賛成,,
414,福岡4,自民,自民,宮内 秀樹,男性,3,賛成,賛成,日本会議,
415,福岡5,自民,自民,原田 義昭,男性,8,賛成,賛成,,
416,福岡6,自民,自民,鳩山 二郎,男性,2,未選,賛成,,
417,福岡7,自民,自民,藤丸 敏,男性,3,賛成,賛成,,
418,福岡8,自民,自民,麻生 太郎,男性,13,賛成,賛成,日本会議,神道政治
419,福岡9,自民,自民,三原 朝彦,男性,8,賛成,賛成,日本会議,神道政治
420,福岡10,自民,自民,山本 幸三,男性,8,賛成,賛成,日本会議,神道政治
421,福岡11,自民,自民,武田 良太,男性,6,賛成,賛成,日本会議,
424,長崎2,自民,自民,加藤 寛治,男性,3,賛成,賛成,日本会議,
425,長崎3,自民,自民,谷川 弥一,男性,5,賛成,賛成,,神道政治
426,長崎4,自民,自民,北村 誠吾,男性,7,賛成,賛成,日本会議,神道政治
428,熊本1,自民,自民,木原 稔,男性,4,賛成,賛成,日本会議,神道政治
429,熊本2,自民,自民,野田 毅,男性,16,賛成,賛成,日本会議,
430,熊本3,自民,自民,坂本 哲志,男性,6,賛成,賛成,日本会議,神道政治
431,熊本4,自民,自民,金子 恭之,男性,7,賛成,賛成,日本会議,神道政治
432,大分1,自民,自民,穴見 陽一,男性,3,賛成,賛成,日本会議,神道政治
433,大分2,自民,自民,衛藤 征士郎,男性,12,賛成,賛成,日本会議,神道政治
434,大分3,自民,自民,岩屋 毅,男性,8,賛成,賛成,日本会議,神道政治
435,宮崎1,自民,自民,武井 俊輔,男性,3,賛成,賛成,日本会議,神道政治
436,宮崎2,自民,自民,江藤 拓,男性,6,賛成,賛成,日本会議,神道政治
437,宮崎3,自民,自民,古川 禎久,男性,6,賛成,賛成,日本会議,神道政治
438,鹿児島2,自民,自民,金子 万寿夫,男性,3,賛成,賛成,日本会議,神道政治
439,鹿児島3,自民,自民,小里 泰弘,男性,5,賛成,賛成,日本会議,神道政治
440,鹿児島4,自民,自民,森山 裕,男性,6,賛成,賛成,日本会議,神道政治
445,沖縄4,自民,自民,西銘 恒三郎,男性,5,賛成,賛成,,
446,比)九州,自民,自民,宮路 拓馬,男性,2,賛成,賛成,,
447,比)九州,自民,自民,今村 雅弘,男性,7,賛成,賛成,日本会議,神道政治
448,比)九州,自民,自民,古川 康,男性,2,賛成,賛成,,
449,比)九州,自民,自民,國場 幸之助,男性,3,賛成,賛成,日本会議,
450,比)九州,自民,自民,冨岡 勉,男性,4,賛成,賛成,日本会議,神道政治
451,比)九州,自民,自民,岩田 和親,男性,3,賛成,賛成,日本会議,神道政治
452,"比)九州
繰",自民,自民,宮﨑 政久,男性,3,賛成,賛成,日本会議,
